id,"url",isload,"category","name","updatetime"
1,"http://www.xxbiquge.com/20_20331/",1,"热门","万古神帝","2017-03-31 09:39:24"
2,"http://www.xxbiquge.com/12_12416/",1,"热门","雪鹰领主","2017-03-31 09:42:44"
3,"http://www.xxbiquge.com/10_10929/",1,"热门","太古神王","2017-03-31 09:48:46"
4,"http://www.xxbiquge.com/8_8109/",1,"热门","帝霸","2017-03-31 09:56:04"
5,"http://www.xxbiquge.com/74_74821/",1,"热门","圣墟","2017-03-31 09:57:25"
6,"http://www.xxbiquge.com/68_68406/",1,"热门","天神诀","2017-03-31 09:59:45"
7,"http://www.xxbiquge.com/68_68340/",1,"热门","最强装逼打脸系统","2017-03-31 10:02:21"
8,"http://www.xxbiquge.com/68_68295/",1,"热门","独步天途","2017-03-31 10:04:35"
9,"http://www.xxbiquge.com/68_68000/",1,"热门","超凡传","2017-03-31 10:07:15"
10,"http://www.xxbiquge.com/28_28941/",1,"热门","弑天刃","2017-03-31 10:16:46"
11,"http://www.xxbiquge.com/9_9187/",1,"热门","天域苍穹","2017-03-31 11:42:35"
12,"http://www.xxbiquge.com/5_5422/",1,"热门","择天记","2017-03-31 11:47:26"
13,"http://www.xxbiquge.com/3_3306/",1,"热门","特种兵在都市","2017-03-31 11:56:56"
